title,price,comment,shop,img
Apple iPhone 8 Plus (A1864) 64GB 深空灰色 移动联通电信4G,5699.00,152万+条评价,京东Apple产品专营店,//img10.360buyimg.com/n7/jfs/t8107/37/1359438185/72159/a6129e26/59b857f8N977f476c.jpg
荣耀9i 4GB+64GB 幻夜黑 移动联通电信4G全面屏,1199.00,101万+条评价,荣耀京东自营旗舰店,//img12.360buyimg.com/n7/jfs/t21415/332/642302956/189613/778f2021/5b13cd6cN8e12d4aa.jpg
,2299.00,80万+条评价,小米京东自营旗舰店,//img13.360buyimg.com/n7/jfs/t19912/33/927199229/297549/8c269ff0/5b0fca0fN8d5600df.jpg
一加,3199.00,43万+条评价,一加手机京东自营官方旗舰店,//img13.360buyimg.com/n7/jfs/t22519/185/2357218296/213888/ff5e9aa3/5b7bd314N6db24355.jpg
Apple iPhone X (A1865) 64GB 深空灰色 移动联通电信4G,6999.00,108万+条评价,京东Apple产品专营店,//img13.360buyimg.com/n7/jfs/t10675/253/1344769770/66891/92d54ca4/59df2e7fN86c99a27.jpg
荣耀10  GT游戏加速 AIS手持夜景  6GB+64GB  幻影蓝全网通 移动联通电信4G 双卡双待 游戏,2199.00,88万+条评价,荣耀京东自营旗舰店,//img10.360buyimg.com/n7/jfs/t18157/222/1822300674/231514/6c179af8/5ad87390N086a3c91.jpg
,4999.00,5.4万+条评价,OPPO京东自营官方旗舰店,//img13.360buyimg.com/n7/jfs/t23167/95/285071867/94556/c98fa4f6/5b2b6212N106d8382.jpg
华为 HUAWEI P20 AI智慧徕卡双摄全面屏游戏,3388.00,50万+条评价,华为京东自营官方旗舰店,//img14.360buyimg.com/n7/jfs/t18052/318/2334327001/256076/23da5f45/5af13917Naca6cb3d.jpg
黑鲨游戏,2999.00,12万+条评价,黑鲨京东自营官方旗舰店,//img14.360buyimg.com/n7/jfs/t17599/148/1789034295/271289/8bdbd5bd/5ad875d4N23049c2c.jpg
Apple iPhone 8 64GB 红色特别版 移动联通电信4G,4699.00,110万+条评价,京东Apple产品专营店,//img14.360buyimg.com/n7/jfs/t19342/199/1516671468/71132/8e37293d/5acc524cN424bbaa0.jpg
title,price,comment,shop,img
小度智能,89.00,22万+条评价,小度京东自营旗舰店,//img14.360buyimg.com/n7/jfs/t21790/243/1098203314/250986/4dea5490/5b1fc387N3bb2e54b.jpg
,98.00,4万+条评价,欧声数码专营店,//img11.360buyimg.com/n7/jfs/t29794/146/678046334/178644/4d3db2b4/5bfb6ffeN7ef11784.jpg
,79.00,25万+条评价,索爱影音京东自营官方旗舰店,//img12.360buyimg.com/n7/jfs/t14881/129/2251460862/108992/c2231395/5a90c1faNdb1430a8.jpg
,169.00,3.6万+条评价,伊酷尔官方旗舰店,//img11.360buyimg.com/n7/jfs/t21808/274/1249285363/482938/1f6925cf/5b2463abN8088f6c8.jpg
华为（HUAWEI）小天鹅无线,89.00,15万+条评价,华为京东自营官方旗舰店,//img13.360buyimg.com/n7/jfs/t934/309/1188397317/52936/f9cea14/557f7f2fNa7e53672.jpg
小米（MI）方盒子,129.00,16万+条评价,小米京东自营旗舰店,//img14.360buyimg.com/n7/jfs/t4990/224/275856375/66112/ab41ac93/58ddf46cN440f2d7c.jpg
JBL GO 音乐金砖 ,189.00,14万+条评价,JBL自营官方旗舰店,//img12.360buyimg.com/n7/jfs/t16402/202/2637921763/302472/2cf8c2f8/5ab89445Nfa3ebbe4.jpg
小米（MI）小米AI,299.00,33万+条评价,小米京东自营旗舰店,//img12.360buyimg.com/n7/jfs/t9922/96/2474092795/76364/5d90701c/59f826d8Ndb270736.jpg
小米（MI）AI,299.00,15万+条评价,圆迈智能旗舰店,//img14.360buyimg.com/n7/jfs/t18292/208/1324228170/313409/713b0de4/5ac59352Ncfed6cbb.jpg
华为（HUAWEI）智能,399.00,7500+条评价,华为京东自营官方旗舰店,//img13.360buyimg.com/n7/jfs/t28903/245/125090755/507061/d348c78e/5be85780N09e71e9c.jpg
